<?xml version="1.0" encoding="UTF-8"?>
<project-private xmlns="http://www.netbeans.org/ns/project-private/1">
    <editor-bookmarks xmlns="http://www.netbeans.org/ns/editor-bookmarks/2" lastBookmarkId="0"/>
    <open-files xmlns="http://www.netbeans.org/ns/projectui-open-files/2">
        <group>
            <file>file:/C:/Users/sebastian/Documents/Github/reto2Telemico/Codigo/DeadlockDetection/src/deadlockdetection/Process.java</file>
            <file>file:/C:/Users/sebastian/Documents/Github/reto2Telemico/Codigo/DeadlockDetection/src/deadlockdetection/Resource.java</file>
            <file>file:/C:/Users/sebastian/Documents/Github/reto2Telemico/Codigo/DeadlockDetection/src/deadlockdetection/DeadlockDetection.java</file>
        </group>
    </open-files>
</project-private>
